timestamp,machine_id,machine_model,status,program_name,spindle_speed_rpm,feed_rate_mm_min,spindle_temp_c,vibration_mm_s,parts_produced,alarm_code
2026-10-01T08:00:00Z,CNC-05,Grob-G350,RUNNING,O5012_manifold.nc,7454,1097,29.0,0.32,156,NONE
2026-10-01T08:01:00Z,CNC-05,Grob-G350,ALARM,O5012_manifold.nc,0,0,55.0,2.91,156,E-502_SPINDLE_OVERHEAT
2026-10-01T08:02:00Z,CNC-01,Haas-VF2,RUNNING,O1001_housing.nc,8027,1147,37.9,0.33,152,NONE
2026-10-01T08:03:00Z,CNC-02,DMG-Mori-CTX,RUNNING,O2004_shaft_v2.nc,4511,784,35.4,0.36,485,NONE
2026-10-01T08:04:00Z,CNC-05,Grob-G350,RUNNING,O5012_manifold.nc,7498,1059,38.4,0.3,157,NONE
2026-10-01T08:05:00Z,CNC-04,Mazak-Variaxis,RUNNING,O4088_impeller.nc,9999,1478,37.5,0.34,320,NONE
2026-10-01T08:06:00Z,CNC-02,DMG-Mori-CTX,RUNNING,O2004_shaft_v2.nc,4438,756,31.9,0.56,485,NONE
2026-10-01T08:07:00Z,CNC-04,Mazak-Variaxis,RUNNING,O4088_impeller.nc,9949,1468,37.3,0.34,321,NONE
2026-10-01T08:08:00Z,CNC-04,Mazak-Variaxis,RUNNING,O4088_impeller.nc,9973,1483,33.5,0.3,321,NONE
2026-10-01T08:09:00Z,CNC-01,Haas-VF2,RUNNING,O1001_housing.nc,8051,1218,32.5,0.5,152,NONE
2026-10-01T08:10:00Z,CNC-02,DMG-Mori-CTX,RUNNING,O2004_shaft_v2.nc,4484,829,31.6,0.41,485,NONE
2026-10-01T08:11:00Z,CNC-03,Trumpf-TruMill,RUNNING,O3010_flange.nc,6216,948,36.4,0.33,399,NONE
2026-10-01T08:12:00Z,CNC-03,Trumpf-TruMill,RUNNING,O3010_flange.nc,6236,942,34.8,0.31,400,NONE
2026-10-01T08:13:00Z,CNC-01,Haas-VF2,RUNNING,O1001_housing.nc,8045,1200,33.4,0.44,153,NONE
2026-10-01T08:14:00Z,CNC-03,Trumpf-TruMill,RUNNING,O3010_flange.nc,6125,955,37.7,0.34,401,NONE
2026-10-01T08:15:00Z,CNC-04,Mazak-Variaxis,RUNNING,O4088_impeller.nc,10068,1503,34.1,0.31,322,NONE
2026-10-01T08:16:00Z,CNC-01,Haas-VF2,RUNNING,O1001_housing.nc,8033,1146,36.0,0.33,154,NONE
2026-10-01T08:17:00Z,CNC-04,Mazak-Variaxis,RUNNING,O4088_impeller.nc,9975,1488,28.7,0.31,323,NONE
2026-10-01T08:18:00Z,CNC-04,Mazak-Variaxis,RUNNING,O4088_impeller.nc,10063,1461,34.9,0.33,324,NONE
2026-10-01T08:19:00Z,CNC-01,Haas-VF2,SETUP,O1001_housing.nc,0,0,23.6,0.06,154,NONE
2026-10-01T08:20:00Z,CNC-01,Haas-VF2,RUNNING,O1001_housing.nc,8016,1239,40.9,0.39,155,NONE
2026-10-01T08:21:00Z,CNC-03,Trumpf-TruMill,RUNNING,O3010_flange.nc,6103,947,39.2,0.71,401,NONE
2026-10-01T08:22:00Z,CNC-01,Haas-VF2,RUNNING,O1001_housing.nc,8096,1201,33.8,0.32,155,NONE
2026-10-01T08:23:00Z,CNC-03,Trumpf-TruMill,RUNNING,O3010_flange.nc,6242,958,27.6,0.48,401,NONE
2026-10-01T08:24:00Z,CNC-01,Haas-VF2,RUNNING,O1001_housing.nc,8040,1175,35.7,0.38,156,NONE
2026-10-01T08:25:00Z,CNC-04,Mazak-Variaxis,RUNNING,O4088_impeller.nc,10065,1497,35.5,0.33,324,NONE
2026-10-01T08:26:00Z,CNC-03,Trumpf-TruMill,RUNNING,O3010_flange.nc,6246,945,37.0,0.39,401,NONE
2026-10-01T08:27:00Z,CNC-01,Haas-VF2,RUNNING,O1001_housing.nc,8055,1237,36.4,0.41,157,NONE
2026-10-01T08:28:00Z,CNC-01,Haas-VF2,RUNNING,O1001_housing.nc,7933,1199,39.0,0.43,157,NONE
2026-10-01T08:29:00Z,CNC-04,Mazak-Variaxis,RUNNING,O4088_impeller.nc,9963,1473,37.2,0.39,324,NONE
2026-10-01T08:30:00Z,CNC-03,Trumpf-TruMill,IDLE,O3010_flange.nc,0,0,25.2,0.06,401,NONE
2026-10-01T08:31:00Z,CNC-01,Haas-VF2,RUNNING,O1001_housing.nc,7929,1199,32.1,0.3,157,NONE
2026-10-01T08:32:00Z,CNC-01,Haas-VF2,MAINTENANCE,NONE,0,0,25.0,0.05,157,NONE
2026-10-01T08:33:00Z,CNC-03,Trumpf-TruMill,RUNNING,O3010_flange.nc,6187,947,36.0,0.38,401,NONE
2026-10-01T08:34:00Z,CNC-04,Mazak-Variaxis,RUNNING,O4088_impeller.nc,9957,1469,33.7,0.32,324,NONE
2026-10-01T08:35:00Z,CNC-02,DMG-Mori-CTX,WARNING,O2004_shaft_v2.nc,4050,640,52.7,1.99,485,W-302_COOLANT_LOW
2026-10-01T08:36:00Z,CNC-03,Trumpf-TruMill,RUNNING,O3010_flange.nc,6269,967,33.7,0.31,401,NONE
2026-10-01T08:37:00Z,CNC-05,Grob-G350,RUNNING,O5012_manifold.nc,7422,1089,32.8,0.3,157,NONE
2026-10-01T08:38:00Z,CNC-04,Mazak-Variaxis,RUNNING,O4088_impeller.nc,10009,1519,37.0,0.52,324,NONE
2026-10-01T08:39:00Z,CNC-04,Mazak-Variaxis,RUNNING,O4088_impeller.nc,10094,1486,32.3,0.7,324,NONE
2026-10-01T08:40:00Z,CNC-02,DMG-Mori-CTX,RUNNING,O2004_shaft_v2.nc,4477,782,34.0,0.37,485,NONE
2026-10-01T08:41:00Z,CNC-04,Mazak-Variaxis,ALARM,O4088_impeller.nc,0,0,58.4,2.97,324,E-101_TOOL_BROKEN
2026-10-01T08:42:00Z,CNC-03,Trumpf-TruMill,RUNNING,O3010_flange.nc,6098,953,33.0,0.36,402,NONE
2026-10-01T08:43:00Z,CNC-05,Grob-G350,RUNNING,O5012_manifold.nc,7542,1097,32.6,0.42,158,NONE
2026-10-01T08:44:00Z,CNC-02,DMG-Mori-CTX,RUNNING,O2004_shaft_v2.nc,4515,767,37.8,0.33,485,NONE
2026-10-01T08:45:00Z,CNC-05,Grob-G350,RUNNING,O5012_manifold.nc,7563,1069,33.5,0.34,158,NONE
2026-10-01T08:46:00Z,CNC-01,Haas-VF2,RUNNING,O1001_housing.nc,8034,1211,33.6,0.4,158,NONE
2026-10-01T08:47:00Z,CNC-05,Grob-G350,IDLE,O5012_manifold.nc,0,0,21.9,0.06,158,NONE
2026-10-01T08:48:00Z,CNC-05,Grob-G350,RUNNING,O5012_manifold.nc,7537,1111,35.4,0.59,158,NONE
2026-10-01T08:49:00Z,CNC-03,Trumpf-TruMill,RUNNING,O3010_flange.nc,6237,986,35.7,0.47,402,NONE
2026-10-01T08:50:00Z,CNC-01,Haas-VF2,ALARM,O1001_housing.nc,0,0,55.5,2.9,158,E-502_SPINDLE_OVERHEAT
2026-10-01T08:51:00Z,CNC-02,DMG-Mori-CTX,RUNNING,O2004_shaft_v2.nc,4510,775,32.5,0.37,485,NONE
2026-10-01T08:52:00Z,CNC-02,DMG-Mori-CTX,RUNNING,O2004_shaft_v2.nc,4518,811,33.1,0.32,485,NONE
2026-10-01T08:53:00Z,CNC-03,Trumpf-TruMill,MAINTENANCE,NONE,0,0,24.9,0.05,402,NONE
2026-10-01T08:54:00Z,CNC-05,Grob-G350,RUNNING,O5012_manifold.nc,7438,1122,37.6,0.33,158,NONE
2026-10-01T08:55:00Z,CNC-01,Haas-VF2,RUNNING,O1001_housing.nc,7973,1218,34.3,0.3,158,NONE
2026-10-01T08:56:00Z,CNC-04,Mazak-Variaxis,RUNNING,O4088_impeller.nc,10042,1502,35.8,0.37,324,NONE
2026-10-01T08:57:00Z,CNC-05,Grob-G350,RUNNING,O5012_manifold.nc,7556,1142,34.0,0.57,158,NONE
2026-10-01T08:58:00Z,CNC-02,DMG-Mori-CTX,RUNNING,O2004_shaft_v2.nc,4512,793,37.4,0.31,486,NONE
2026-10-01T08:59:00Z,CNC-02,DMG-Mori-CTX,RUNNING,O2004_shaft_v2.nc,4502,801,30.7,0.35,486,NONE
2026-10-01T09:00:00Z,CNC-02,DMG-Mori-CTX,RUNNING,O2004_shaft_v2.nc,4480,771,30.8,0.47,486,NONE
2026-10-01T09:01:00Z,CNC-01,Haas-VF2,RUNNING,O1001_housing.nc,8066,1180,28.0,0.42,159,NONE
2026-10-01T09:02:00Z,CNC-03,Trumpf-TruMill,RUNNING,O3010_flange.nc,6182,943,35.0,0.36,403,NONE
2026-10-01T09:03:00Z,CNC-04,Mazak-Variaxis,RUNNING,O4088_impeller.nc,10027,1514,31.7,0.35,324,NONE
2026-10-01T09:04:00Z,CNC-01,Haas-VF2,RUNNING,O1001_housing.nc,8038,1204,35.0,0.31,159,NONE
2026-10-01T09:05:00Z,CNC-04,Mazak-Variaxis,RUNNING,O4088_impeller.nc,9976,1488,32.3,0.43,324,NONE
2026-10-01T09:06:00Z,CNC-02,DMG-Mori-CTX,ALARM,O2004_shaft_v2.nc,0,0,59.1,2.98,486,E-502_SPINDLE_OVERHEAT
2026-10-01T09:07:00Z,CNC-02,DMG-Mori-CTX,RUNNING,O2004_shaft_v2.nc,4548,757,33.4,0.39,487,NONE
2026-10-01T09:08:00Z,CNC-01,Haas-VF2,RUNNING,O1001_housing.nc,7975,1199,33.1,0.39,160,NONE
2026-10-01T09:09:00Z,CNC-05,Grob-G350,IDLE,O5012_manifold.nc,0,0,22.4,0.06,158,NONE
2026-10-01T09:10:00Z,CNC-02,DMG-Mori-CTX,RUNNING,O2004_shaft_v2.nc,4573,802,38.1,0.32,487,NONE
2026-10-01T09:11:00Z,CNC-01,Haas-VF2,RUNNING,O1001_housing.nc,7969,1228,35.8,0.31,161,NONE
2026-10-01T09:12:00Z,CNC-01,Haas-VF2,RUNNING,O1001_housing.nc,8061,1204,33.5,0.38,161,NONE
2026-10-01T09:13:00Z,CNC-03,Trumpf-TruMill,RUNNING,O3010_flange.nc,6177,962,31.8,0.61,403,NONE
2026-10-01T09:14:00Z,CNC-01,Haas-VF2,RUNNING,O1001_housing.nc,7992,1169,38.8,0.31,161,NONE
2026-10-01T09:15:00Z,CNC-02,DMG-Mori-CTX,RUNNING,O2004_shaft_v2.nc,4474,817,33.3,0.35,487,NONE
2026-10-01T09:16:00Z,CNC-02,DMG-Mori-CTX,RUNNING,O2004_shaft_v2.nc,4626,804,37.4,0.69,487,NONE
2026-10-01T09:17:00Z,CNC-02,DMG-Mori-CTX,RUNNING,O2004_shaft_v2.nc,4544,797,35.6,0.45,487,NONE
2026-10-01T09:18:00Z,CNC-02,DMG-Mori-CTX,RUNNING,O2004_shaft_v2.nc,4391,799,37.4,0.33,487,NONE
2026-10-01T09:19:00Z,CNC-02,DMG-Mori-CTX,RUNNING,O2004_shaft_v2.nc,4442,787,29.5,0.38,487,NONE
2026-10-01T09:20:00Z,CNC-03,Trumpf-TruMill,RUNNING,O3010_flange.nc,6245,927,36.5,0.34,403,NONE
2026-10-01T09:21:00Z,CNC-03,Trumpf-TruMill,RUNNING,O3010_flange.nc,6203,957,36.8,0.34,403,NONE
2026-10-01T09:22:00Z,CNC-05,Grob-G350,RUNNING,O5012_manifold.nc,7473,1057,36.5,0.52,159,NONE
2026-10-01T09:23:00Z,CNC-02,DMG-Mori-CTX,RUNNING,O2004_shaft_v2.nc,4465,804,34.7,0.46,487,NONE
2026-10-01T09:24:00Z,CNC-05,Grob-G350,SETUP,O5012_manifold.nc,0,0,23.8,0.06,159,NONE
2026-10-01T09:25:00Z,CNC-02,DMG-Mori-CTX,RUNNING,O2004_shaft_v2.nc,4503,835,35.8,0.31,488,NONE
2026-10-01T09:26:00Z,CNC-03,Trumpf-TruMill,RUNNING,O3010_flange.nc,6201,969,32.1,0.36,403,NONE
2026-10-01T09:27:00Z,CNC-01,Haas-VF2,RUNNING,O1001_housing.nc,8003,1205,31.1,0.48,162,NONE
2026-10-01T09:28:00Z,CNC-04,Mazak-Variaxis,RUNNING,O4088_impeller.nc,9982,1457,39.0,0.37,324,NONE
2026-10-01T09:29:00Z,CNC-02,DMG-Mori-CTX,RUNNING,O2004_shaft_v2.nc,4434,829,41.0,0.35,488,NONE
2026-10-01T09:30:00Z,CNC-04,Mazak-Variaxis,RUNNING,O4088_impeller.nc,9904,1518,35.1,0.33,325,NONE
2026-10-01T09:31:00Z,CNC-04,Mazak-Variaxis,RUNNING,O4088_impeller.nc,10006,1503,37.7,0.55,326,NONE
2026-10-01T09:32:00Z,CNC-01,Haas-VF2,RUNNING,O1001_housing.nc,8040,1211,35.9,0.36,162,NONE
2026-10-01T09:33:00Z,CNC-05,Grob-G350,RUNNING,O5012_manifold.nc,7589,1084,29.6,0.37,160,NONE
2026-10-01T09:34:00Z,CNC-01,Haas-VF2,RUNNING,O1001_housing.nc,8031,1166,34.8,0.38,163,NONE
2026-10-01T09:35:00Z,CNC-02,DMG-Mori-CTX,RUNNING,O2004_shaft_v2.nc,4439,839,41.0,0.32,488,NONE
2026-10-01T09:36:00Z,CNC-04,Mazak-Variaxis,RUNNING,O4088_impeller.nc,10055,1515,32.8,0.35,326,NONE
2026-10-01T09:37:00Z,CNC-01,Haas-VF2,RUNNING,O1001_housing.nc,8121,1188,39.5,0.57,163,NONE
2026-10-01T09:38:00Z,CNC-02,DMG-Mori-CTX,RUNNING,O2004_shaft_v2.nc,4504,796,38.5,0.32,488,NONE